date,ESP,GBR,IRL,PRT
2020-03-02,,,,
2020-03-03,1.0,,,
2020-03-04,2.0,,,
2020-03-05,3.0,,,
2020-03-06,5.0,1.0,,
2020-03-07,10.0,2.0,,
2020-03-08,17.0,2.0,,
2020-03-09,28.0,3.0,,
2020-03-10,35.0,7.0,,
2020-03-11,54.0,7.0,1.0,
2020-03-12,55.0,9.0,1.0,
2020-03-13,133.0,10.0,1.0,
2020-03-14,195.0,29.0,2.0,
2020-03-15,289.0,43.0,2.0,
2020-03-16,342.0,66.0,2.0,
2020-03-17,533.0,83.0,2.0,1.0
2020-03-18,623.0,118.0,2.0,2.0
2020-03-19,830.0,164.0,3.0,3.0
2020-03-20,1043.0,196.0,3.0,6.0
2020-03-21,1375.0,254.0,3.0,12.0
2020-03-22,1772.0,289.0,4.0,14.0
2020-03-23,2311.0,365.0,6.0,23.0
2020-03-24,2808.0,513.0,7.0,33.0
2020-03-25,3647.0,704.0,9.0,43.0
2020-03-26,4365.0,886.0,19.0,60.0
2020-03-27,5138.0,1174.0,22.0,76.0
2020-03-28,5982.0,1466.0,36.0,100.0
2020-03-29,6803.0,1679.0,46.0,119.0
2020-03-30,7716.0,2053.0,54.0,140.0
2020-03-31,8464.0,2457.0,71.0,160.0
2020-04-01,9387.0,3130.0,85.0,187.0
2020-04-02,10348.0,3787.0,98.0,209.0
2020-04-03,11198.0,4524.0,120.0,246.0
2020-04-04,11947.0,5281.0,137.0,266.0
2020-04-05,12641.0,5882.0,158.0,295.0
2020-04-06,13341.0,6452.0,174.0,311.0
2020-04-07,14045.0,7557.0,210.0,345.0
2020-04-08,14792.0,8589.0,235.0,380.0
2020-04-09,15447.0,9706.0,263.0,409.0
2020-04-10,16081.0,10829.0,287.0,435.0
2020-04-11,16606.0,11673.0,320.0,470.0
2020-04-12,17209.0,12330.0,334.0,504.0
2020-04-13,17756.0,13055.0,365.0,535.0
2020-04-14,18056.0,14135.0,406.0,567.0
2020-04-15,18708.0,15019.0,444.0,599.0
2020-04-16,19315.0,16059.0,486.0,629.0
2020-04-17,20002.0,16973.0,530.0,657.0
2020-04-18,20043.0,18081.0,571.0,687.0
2020-04-19,20453.0,18514.0,610.0,714.0
2020-04-20,20852.0,19090.0,687.0,735.0
2020-04-21,21282.0,20314.0,730.0,762.0
2020-04-22,21717.0,21171.0,769.0,785.0
2020-04-23,22157.0,21855.0,794.0,820.0
2020-04-24,22524.0,22873.0,1014.0,854.0
2020-04-25,22902.0,23689.0,1063.0,880.0
2020-04-26,23190.0,24053.0,1087.0,903.0
2020-04-27,23521.0,24376.0,1102.0,928.0
2020-04-28,23822.0,25347.0,1159.0,948.0
2020-04-29,24275.0,26118.0,1190.0,973.0
2020-04-30,24543.0,26754.0,1232.0,989.0
2020-05-01,24543.0,27454.0,1265.0,1007.0
2020-05-02,25100.0,28039.0,1286.0,1023.0
2020-05-03,25264.0,28292.0,1303.0,1043.0
2020-05-04,25428.0,28565.0,1319.0,1063.0
2020-05-05,25613.0,29290.0,1339.0,1074.0
2020-05-06,25857.0,29937.0,1375.0,1089.0
2020-05-07,26070.0,30395.0,1403.0,1105.0
2020-05-08,26299.0,30975.0,1429.0,1114.0
2020-05-09,26478.0,31250.0,1446.0,1126.0
2020-05-10,26621.0,31467.0,1458.0,1135.0
2020-05-11,26744.0,31655.0,1467.0,1144.0
2020-05-12,26920.0,32270.0,1488.0,1163.0
2020-05-13,27104.0,32718.0,1497.0,1175.0
2020-05-14,27321.0,33071.0,1506.0,1184.0
2020-05-15,27459.0,33422.0,1518.0,1190.0
2020-05-16,27563.0,33833.0,1533.0,1203.0
2020-05-17,27563.0,33900.0,1543.0,1218.0
2020-05-18,27709.0,34046.0,1547.0,1231.0
2020-05-19,27778.0,34547.0,1561.0,1247.0
2020-05-20,27888.0,34876.0,1571.0,1263.0
2020-05-21,27940.0,35149.0,1583.0,1277.0
2020-05-22,28628.0,35440.0,1592.0,1289.0
2020-05-23,28678.0,35660.0,1604.0,1302.0
2020-05-24,28752.0,36039.0,1608.0,1316.0
2020-05-25,26834.0,36143.0,1606.0,1330.0
2020-05-26,27117.0,36274.0,1615.0,1342.0
2020-05-27,27117.0,36696.0,1631.0,1356.0
2020-05-28,27119.0,37039.0,1639.0,1369.0
2020-05-29,27121.0,37313.0,1645.0,1383.0
2020-05-30,27125.0,37467.0,1651.0,1396.0
2020-05-31,27127.0,37527.0,1652.0,1410.0
2020-06-01,27127.0,37613.0,1650.0,1424.0
2020-06-02,27127.0,37863.0,1658.0,1436.0
2020-06-03,27128.0,38117.0,1659.0,1447.0
2020-06-04,27133.0,38247.0,1664.0,1455.0
2020-06-05,27134.0,38505.0,1670.0,1465.0
2020-06-06,27135.0,38648.0,1678.0,1474.0
2020-06-07,27136.0,38702.0,1679.0,1479.0
2020-06-08,27136.0,38749.0,1683.0,1485.0
2020-06-09,27136.0,38946.0,1691.0,1492.0
2020-06-10,27136.0,39110.0,1695.0,1497.0
2020-06-11,27136.0,39186.0,1703.0,1504.0
2020-06-12,27136.0,39317.0,1705.0,1505.0
2020-06-13,27136.0,39424.0,1705.0,1512.0
2020-06-14,27136.0,39451.0,1706.0,1517.0
2020-06-15,27136.0,39480.0,1706.0,1520.0
2020-06-16,27136.0,39600.0,1709.0,1522.0
2020-06-17,27136.0,39710.0,1710.0,1523.0
2020-06-18,27136.0,39777.0,1714.0,1524.0
2020-06-19,28315.0,39861.0,1714.0,1527.0
2020-06-20,28322.0,39932.0,1715.0,1528.0
2020-06-21,28323.0,39963.0,1715.0,1530.0
2020-06-22,28324.0,39976.0,1717.0,1534.0
2020-06-23,28325.0,40070.0,1720.0,1540.0
2020-06-24,28327.0,40157.0,1726.0,1543.0
2020-06-25,28330.0,40256.0,1727.0,1549.0
2020-06-26,28338.0,40333.0,1730.0,1555.0
2020-06-27,28341.0,40373.0,1734.0,1561.0
2020-06-28,28343.0,40404.0,1735.0,1564.0
2020-06-29,28346.0,40425.0,1735.0,1568.0
2020-06-30,28355.0,40479.0,1736.0,1576.0
2020-07-01,28364.0,40576.0,1738.0,1579.0
2020-07-02,28368.0,40617.0,1738.0,1587.0
2020-07-03,28385.0,40666.0,1740.0,1598.0
2020-07-04,28385.0,40698.0,1741.0,1605.0
2020-07-05,28385.0,40717.0,1741.0,1614.0
2020-07-06,28388.0,40728.0,1741.0,1620.0
2020-07-07,28392.0,40782.0,1742.0,1629.0
2020-07-08,28396.0,40839.0,1738.0,1631.0
2020-07-09,28401.0,40870.0,1743.0,1644.0
2020-07-10,28403.0,40904.0,1744.0,1646.0
2020-07-11,28403.0,40921.0,1746.0,1654.0
2020-07-12,28403.0,40930.0,1746.0,1660.0
2020-07-13,28406.0,40940.0,1746.0,1662.0
2020-07-14,28409.0,40984.0,1746.0,1668.0
2020-07-15,28413.0,41010.0,1748.0,1676.0
2020-07-16,28416.0,41034.0,1749.0,1679.0
2020-07-17,28420.0,41060.0,1752.0,1682.0
2020-07-18,28420.0,41069.0,1753.0,1684.0
2020-07-19,28420.0,41080.0,1753.0,1689.0
2020-07-20,28422.0,41090.0,1753.0,1691.0
2020-07-21,28424.0,41115.0,1753.0,1697.0
2020-07-22,28426.0,41132.0,1754.0,1702.0
2020-07-23,28429.0,41141.0,1763.0,1705.0
2020-07-24,28432.0,41173.0,1763.0,1712.0
2020-07-25,28432.0,41188.0,1764.0,1716.0
2020-07-26,28432.0,41196.0,1764.0,1717.0
2020-07-27,28434.0,41199.0,1764.0,1719.0
2020-07-28,28436.0,41220.0,1764.0,1722.0
2020-07-29,28441.0,41254.0,1764.0,1725.0
2020-07-30,28443.0,41254.0,1763.0,1727.0
2020-07-31,28445.0,41274.0,1763.0,1735.0
2020-08-01,28445.0,41287.0,1763.0,1737.0
2020-08-02,28445.0,41292.0,1763.0,1738.0
2020-08-03,28472.0,41293.0,1763.0,1738.0
2020-08-04,28498.0,41311.0,1763.0,1739.0
2020-08-05,28499.0,41325.0,1763.0,1740.0
2020-08-06,28500.0,41343.0,1768.0,1743.0
2020-08-07,28503.0,41355.0,1772.0,1746.0
2020-08-08,28503.0,41358.0,1772.0,1750.0
2020-08-09,28503.0,41363.0,1772.0,1756.0
2020-08-10,28576.0,41381.0,1772.0,1759.0
2020-08-11,28581.0,41394.0,1773.0,1761.0
2020-08-12,28579.0,41414.0,1774.0,1764.0
2020-08-13,28605.0,41432.0,1774.0,1770.0
2020-08-14,28617.0,41443.0,1774.0,1772.0
2020-08-15,28617.0,41446.0,1774.0,1775.0
2020-08-16,28617.0,41451.0,1774.0,1778.0
2020-08-17,28646.0,41454.0,1774.0,1779.0
2020-08-18,28670.0,41466.0,1775.0,1784.0
2020-08-19,28797.0,41483.0,1775.0,1786.0
2020-08-20,28813.0,41489.0,1776.0,1788.0
2020-08-21,28838.0,41491.0,1776.0,1792.0
2020-08-22,28838.0,41509.0,1777.0,1794.0
2020-08-23,28838.0,41515.0,1777.0,1796.0
2020-08-24,28872.0,41519.0,1777.0,1801.0
2020-08-25,28924.0,41535.0,1777.0,1805.0
2020-08-26,28971.0,41552.0,1777.0,1807.0
2020-08-27,28996.0,41564.0,1777.0,1809.0
2020-08-28,29011.0,41573.0,1777.0,1815.0
2020-08-29,29011.0,41585.0,1777.0,1818.0
2020-08-30,29011.0,41586.0,1777.0,1819.0
2020-08-31,29094.0,41589.0,1777.0,1822.0
2020-09-01,29152.0,41592.0,1777.0,1824.0
2020-09-02,29194.0,41602.0,1777.0,1827.0
2020-09-03,29234.0,41616.0,1777.0,1829.0
2020-09-04,29418.0,41626.0,1777.0,1833.0
2020-09-05,29418.0,41638.0,1777.0,1838.0
2020-09-06,29418.0,41640.0,1777.0,1840.0
2020-09-07,29516.0,41643.0,1777.0,1843.0
2020-09-08,29594.0,41675.0,1778.0,1846.0
2020-09-09,29628.0,41683.0,1781.0,1849.0
2020-09-10,29699.0,41697.0,1781.0,1852.0
2020-09-11,29747.0,41703.0,1781.0,1855.0
2020-09-12,29747.0,41712.0,1783.0,1860.0
2020-09-13,29747.0,41717.0,1784.0,1867.0
2020-09-14,29848.0,41726.0,1784.0,1871.0
2020-09-15,30004.0,41753.0,1787.0,1875.0
2020-09-16,30243.0,41773.0,1788.0,1878.0
2020-09-17,30405.0,41794.0,1789.0,1888.0
2020-09-18,30495.0,41821.0,1792.0,1894.0
2020-09-19,30495.0,41848.0,1792.0,1899.0
2020-09-20,30495.0,41866.0,1792.0,1912.0
2020-09-21,30663.0,41877.0,1792.0,1920.0
2020-09-22,30904.0,41914.0,1792.0,1925.0
2020-09-23,31034.0,41951.0,1794.0,1928.0
2020-09-24,31118.0,41991.0,1797.0,1931.0
2020-09-25,31232.0,42025.0,1797.0,1936.0
2020-09-26,31232.0,42060.0,1802.0,1944.0
2020-09-27,31232.0,42077.0,1802.0,1953.0
2020-09-28,31411.0,42090.0,1802.0,1957.0
2020-09-29,31411.0,42162.0,1803.0,1963.0
2020-09-30,31791.0,42233.0,1804.0,1971.0
2020-10-01,31973.0,42292.0,1806.0,1977.0
2020-10-02,32086.0,42358.0,1801.0,1983.0
2020-10-03,32086.0,42407.0,1810.0,1995.0
2020-10-04,32086.0,42440.0,1810.0,2005.0
2020-10-05,32225.0,42459.0,1810.0,2018.0
2020-10-06,32486.0,42535.0,1811.0,2032.0
2020-10-07,32562.0,42605.0,1816.0,2040.0
2020-10-08,32688.0,42682.0,1817.0,2050.0
2020-10-09,32929.0,42769.0,1821.0,2062.0
2020-10-10,32929.0,42850.0,1824.0,2067.0
2020-10-11,32929.0,42915.0,1826.0,2080.0
2020-10-12,33124.0,42965.0,1827.0,2094.0
2020-10-13,33204.0,43108.0,1830.0,2110.0
2020-10-14,33413.0,43245.0,1835.0,2117.0
2020-10-15,33553.0,43383.0,1838.0,2128.0
2020-10-16,33775.0,43519.0,1841.0,2149.0
2020-10-17,33775.0,43669.0,1849.0,2162.0
2020-10-18,33775.0,43736.0,1852.0,2181.0
2020-10-19,33992.0,43816.0,1852.0,2198.0
2020-10-20,34210.0,44057.0,1865.0,2213.0
2020-10-21,34366.0,44248.0,1868.0,2229.0
2020-10-22,34521.0,44437.0,1871.0,2245.0
2020-10-23,34752.0,44661.0,1878.0,2276.0
2020-10-24,34752.0,44835.0,1882.0,2297.0
2020-10-25,34752.0,44986.0,1882.0,2316.0
2020-10-26,35031.0,45088.0,1885.0,2343.0
2020-10-27,35298.0,45455.0,1890.0,2371.0
2020-10-28,35466.0,45765.0,1896.0,2395.0
2020-10-29,35639.0,46045.0,1902.0,2428.0
2020-10-30,35878.0,46319.0,1908.0,2468.0
2020-10-31,35878.0,46645.0,1913.0,2507.0
2020-11-01,35878.0,46807.0,1915.0,2544.0
2020-11-02,36257.0,46943.0,1917.0,2590.0
2020-11-03,36495.0,47340.0,1922.0,2635.0
2020-11-04,38118.0,47832.0,1930.0,2694.0
2020-11-05,38486.0,48210.0,1933.0,2740.0
2020-11-06,38833.0,48565.0,1940.0,2792.0
2020-11-07,38833.0,48978.0,1945.0,2848.0
2020-11-08,38833.0,49134.0,1947.0,2896.0
2020-11-09,39345.0,49329.0,1948.0,2959.0
2020-11-10,39345.0,49861.0,1963.0,3021.0
2020-11-11,40105.0,50457.0,1965.0,3103.0
2020-11-12,40461.0,51020.0,1965.0,3181.0
2020-11-13,40769.0,51396.0,1972.0,3250.0
2020-11-14,40769.0,51858.0,1978.0,3305.0
2020-11-15,40769.0,52026.0,1979.0,3381.0
2020-11-16,41253.0,52240.0,1984.0,3472.0
2020-11-17,41688.0,52839.0,1995.0,3553.0
2020-11-18,42039.0,53368.0,2006.0,3632.0
2020-11-19,42291.0,53870.0,2010.0,3701.0
2020-11-20,42619.0,54381.0,2018.0,3762.0
2020-11-21,42619.0,54721.0,2022.0,3824.0
2020-11-22,42619.0,55120.0,2023.0,3897.0
2020-11-23,43131.0,55327.0,2023.0,3971.0
2020-11-24,43668.0,55935.0,2028.0,4056.0
2020-11-25,44037.0,56630.0,2033.0,4127.0
2020-11-26,44374.0,57128.0,2036.0,4209.0
2020-11-27,44668.0,57648.0,2043.0,4276.0
2020-11-28,44668.0,58127.0,2050.0,4363.0
2020-11-29,44668.0,58342.0,2052.0,4427.0
2020-11-30,45069.0,58545.0,2053.0,4505.0
2020-12-01,45511.0,59148.0,2069.0,4577.0
2020-12-02,45784.0,59796.0,2074.0,4645.0
2020-12-03,46038.0,60210.0,2080.0,4724.0
2020-12-04,46252.0,60714.0,2086.0,4803.0
2020-12-05,46252.0,61111.0,2099.0,4876.0
2020-12-06,46252.0,61342.0,2099.0,4963.0
2020-12-07,46646.0,61531.0,2099.0,5041.0
2020-12-08,46646.0,62130.0,2097.0,5122.0
2020-12-09,47019.0,62663.0,2102.0,5192.0
2020-12-10,47344.0,63179.0,2117.0,5278.0
2020-12-11,47624.0,63603.0,2120.0,5373.0
2020-12-12,47624.0,64123.0,2123.0,5461.0
2020-12-13,47624.0,64267.0,2124.0,5559.0
2020-12-14,48013.0,64500.0,2126.0,5649.0
2020-12-15,48401.0,65006.0,2134.0,5733.0
2020-12-16,48596.0,65618.0,2140.0,5815.0
2020-12-17,48777.0,66150.0,2143.0,5902.0
2020-12-18,48926.0,66640.0,2149.0,5977.0
2020-12-19,48926.0,67177.0,2154.0,6063.0
2020-12-20,48926.0,67503.0,2158.0,6134.0
2020-12-21,49260.0,67718.0,2158.0,6191.0
2020-12-22,49520.0,68409.0,2171.0,6254.0
2020-12-23,49698.0,69157.0,2184.0,6343.0
2020-12-24,49824.0,69732.0,2192.0,6413.0
2020-12-25,49824.0,70302.0,2194.0,6478.0
2020-12-26,49824.0,70513.0,2200.0,6556.0
2020-12-27,49824.0,70860.0,2204.0,6619.0
2020-12-28,50122.0,71217.0,2205.0,6677.0
2020-12-29,50442.0,71675.0,2213.0,6751.0
2020-12-30,50689.0,72657.0,2226.0,6830.0
2020-12-31,50837.0,73622.0,2237.0,6906.0
2021-01-01,50837.0,74237.0,2248.0,6972.0
2021-01-02,50837.0,74682.0,2252.0,7045.0
2021-01-03,50837.0,75137.0,2259.0,7118.0
2021-01-04,51078.0,75547.0,2265.0,7196.0
2021-01-05,51430.0,76428.0,2282.0,7286.0
2021-01-06,51430.0,77470.0,2299.0,7377.0
2021-01-07,51675.0,78632.0,2307.0,7472.0
2021-01-08,51874.0,79965.0,2327.0,7590.0
2021-01-09,51874.0,81000.0,2336.0,7701.0
2021-01-10,51874.0,81567.0,2344.0,7803.0
2021-01-11,52275.0,82096.0,2352.0,7925.0
2021-01-12,52683.0,83342.0,2397.0,8080.0
2021-01-13,52878.0,84910.0,2460.0,8236.0
2021-01-14,53079.0,86163.0,2488.0,8384.0
2021-01-15,53314.0,87448.0,2536.0,8543.0
2021-01-16,53314.0,88747.0,2595.0,8709.0
2021-01-17,53314.0,89429.0,2608.0,8861.0
2021-01-18,53769.0,90031.0,2616.0,9028.0
2021-01-19,54173.0,91643.0,2708.0,9246.0
2021-01-20,54637.0,93469.0,2768.0,9465.0
2021-01-21,55041.0,94765.0,2818.0,9686.0
2021-01-22,55441.0,96166.0,2870.0,9920.0
2021-01-23,55441.0,97518.0,2947.0,10194.0
2021-01-24,55441.0,98129.0,2970.0,10469.0
2021-01-25,56208.0,98723.0,2977.0,10721.0
2021-01-26,56794.0,100359.0,3066.0,11012.0
2021-01-27,57291.0,102085.0,3120.0,11305.0
2021-01-28,57806.0,103324.0,3167.0,11608.0
2021-01-29,58319.0,104572.0,3214.0,11886.0
2021-01-30,58319.0,105777.0,3292.0,12179.0
2021-01-31,58319.0,106367.0,3307.0,12482.0
2021-02-01,59081.0,106774.0,3317.0,12757.0
2021-02-02,59805.0,108225.0,3418.0,13017.0
2021-02-03,60370.0,109547.0,3512.0,13257.0
2021-02-04,60802.0,110462.0,3586.0,13482.0
2021-02-05,61386.0,111477.0,3621.0,13740.0
2021-02-06,61386.0,112305.0,3674.0,13954.0
2021-02-07,61386.0,112681.0,3686.0,14158.0
2021-02-08,62295.0,113014.0,3687.0,14354.0
2021-02-09,63061.0,114066.0,3752.0,14557.0
2021-02-10,63704.0,115068.0,3794.0,14718.0
2021-02-11,64217.0,115748.0,3846.0,14885.0
2021-02-12,64747.0,116507.0,3865.0,15034.0
2021-02-13,64747.0,117128.0,3931.0,15183.0
2021-02-14,64747.0,117387.0,3948.0,15321.0
2021-02-15,65449.0,117622.0,3948.0,15411.0
2021-02-16,65979.0,118421.0,3980.0,15522.0
2021-02-17,66316.0,119159.0,4036.0,15649.0
2021-02-18,66704.0,119614.0,4082.0,15754.0
2021-02-19,67101.0,120147.0,4109.0,15821.0
2021-02-20,67101.0,120593.0,4135.0,15897.0
2021-02-21,67101.0,120810.0,4136.0,15962.0
2021-02-22,67636.0,120988.0,4137.0,16023.0
2021-02-23,68079.0,121536.0,4181.0,16086.0
2021-02-24,68468.0,121979.0,4237.0,16136.0
2021-02-25,68813.0,122303.0,4271.0,16185.0
2021-02-26,69142.0,122648.0,4300.0,16243.0
2021-02-27,69142.0,122939.0,4313.0,16276.0
2021-02-28,69142.0,123083.0,4319.0,16317.0
2021-03-01,69609.0,123187.0,4319.0,16351.0
2021-03-02,69801.0,123530.0,4333.0,16389.0
2021-03-03,70247.0,124017.0,4357.0,16430.0
2021-03-04,70501.0,124259.0,4396.0,16458.0
2021-03-05,71138.0,124495.0,4405.0,16486.0
2021-03-06,71138.0,124654.0,4419.0,16512.0
2021-03-07,71138.0,124736.0,4422.0,16540.0
2021-03-08,71436.0,124801.0,4422.0,16565.0
2021-03-09,71727.0,125032.0,4452.0,16595.0
2021-03-10,71961.0,125222.0,4499.0,16617.0
2021-03-11,72085.0,125403.0,4509.0,16635.0
2021-03-12,72258.0,125579.0,4518.0,16650.0
2021-03-13,72258.0,125701.0,4534.0,16669.0
2021-03-14,72258.0,125753.0,4534.0,16684.0
2021-03-15,72424.0,125817.0,4534.0,16694.0
2021-03-16,72565.0,125927.0,4552.0,16707.0
2021-03-17,72793.0,126068.0,4566.0,16722.0
2021-03-18,72910.0,126163.0,4566.0,16743.0
2021-03-19,72910.0,126263.0,4576.0,16754.0
2021-03-20,72910.0,126359.0,4585.0,16762.0
2021-03-21,72910.0,126393.0,4587.0,16768.0
2021-03-22,73543.0,126411.0,4588.0,16784.0
2021-03-23,73744.0,126523.0,4610.0,16794.0
2021-03-24,73744.0,126621.0,4628.0,16805.0
2021-03-25,74420.0,126684.0,4631.0,16814.0
2021-03-26,75010.0,126755.0,4651.0,16819.0
2021-03-27,75010.0,126813.0,4653.0,16827.0
