date,ITA
2020-01-31,
2020-02-01,
2020-02-02,
2020-02-03,
2020-02-04,
2020-02-05,
2020-02-06,
2020-02-07,
2020-02-08,
2020-02-09,
2020-02-10,
2020-02-11,
2020-02-12,
2020-02-13,
2020-02-14,
2020-02-15,
2020-02-16,
2020-02-17,
2020-02-18,
2020-02-19,
2020-02-20,
2020-02-21,1.0
2020-02-22,2.0
2020-02-23,3.0
2020-02-24,7.0
2020-02-25,10.0
2020-02-26,12.0
2020-02-27,17.0
2020-02-28,21.0
2020-02-29,29.0
2020-03-01,34.0
2020-03-02,52.0
2020-03-03,79.0
2020-03-04,107.0
2020-03-05,148.0
2020-03-06,197.0
2020-03-07,233.0
2020-03-08,366.0
2020-03-09,463.0
2020-03-10,631.0
2020-03-11,827.0
2020-03-12,1016.0
2020-03-13,1266.0
2020-03-14,1441.0
2020-03-15,1809.0
2020-03-16,2158.0
2020-03-17,2503.0
2020-03-18,2978.0
2020-03-19,3405.0
2020-03-20,4032.0
2020-03-21,4825.0
2020-03-22,5476.0
2020-03-23,6077.0
2020-03-24,6820.0
2020-03-25,7503.0
2020-03-26,8215.0
2020-03-27,9134.0
2020-03-28,10023.0
2020-03-29,10779.0
2020-03-30,11591.0
2020-03-31,12428.0
2020-04-01,13155.0
2020-04-02,13915.0
2020-04-03,14681.0
2020-04-04,15362.0
2020-04-05,15887.0
2020-04-06,16523.0
2020-04-07,17127.0
2020-04-08,17669.0
2020-04-09,18279.0
2020-04-10,18849.0
2020-04-11,19468.0
2020-04-12,19899.0
2020-04-13,20465.0
2020-04-14,21067.0
2020-04-15,21645.0
2020-04-16,22170.0
2020-04-17,22745.0
2020-04-18,23227.0
2020-04-19,23660.0
2020-04-20,24114.0
2020-04-21,24648.0
2020-04-22,25085.0
2020-04-23,25549.0
2020-04-24,25969.0
2020-04-25,26384.0
2020-04-26,26644.0
2020-04-27,26977.0
2020-04-28,27359.0
2020-04-29,27682.0
2020-04-30,27967.0
2020-05-01,28236.0
2020-05-02,28710.0
2020-05-03,28884.0
2020-05-04,29079.0
2020-05-05,29315.0
2020-05-06,29684.0
2020-05-07,29958.0
2020-05-08,30201.0
2020-05-09,30395.0
2020-05-10,30560.0
2020-05-11,30739.0
2020-05-12,30911.0
2020-05-13,31106.0
2020-05-14,31368.0
2020-05-15,31610.0
2020-05-16,31763.0
2020-05-17,31908.0
2020-05-18,32007.0
2020-05-19,32169.0
2020-05-20,32330.0
2020-05-21,32486.0
2020-05-22,32616.0
2020-05-23,32735.0
2020-05-24,32785.0
2020-05-25,32877.0
2020-05-26,32955.0
2020-05-27,33072.0
2020-05-28,33142.0
2020-05-29,33229.0
2020-05-30,33340.0
2020-05-31,33415.0
2020-06-01,33475.0
2020-06-02,33530.0
2020-06-03,33601.0
2020-06-04,33689.0
2020-06-05,33774.0
2020-06-06,33846.0
2020-06-07,33899.0
2020-06-08,33964.0
2020-06-09,34043.0
2020-06-10,34114.0
2020-06-11,34167.0
2020-06-12,34223.0
2020-06-13,34301.0
2020-06-14,34345.0
2020-06-15,34371.0
2020-06-16,34405.0
2020-06-17,34448.0
2020-06-18,34514.0
2020-06-19,34561.0
2020-06-20,34610.0
2020-06-21,34634.0
2020-06-22,34657.0
2020-06-23,34675.0
2020-06-24,34644.0
2020-06-25,34678.0
2020-06-26,34708.0
2020-06-27,34716.0
2020-06-28,34738.0
2020-06-29,34744.0
2020-06-30,34767.0
2020-07-01,34788.0
2020-07-02,34818.0
2020-07-03,34833.0
2020-07-04,34854.0
2020-07-05,34861.0
2020-07-06,34869.0
2020-07-07,34899.0
2020-07-08,34914.0
2020-07-09,34926.0
2020-07-10,34938.0
2020-07-11,34945.0
2020-07-12,34954.0
2020-07-13,34967.0
2020-07-14,34984.0
2020-07-15,34997.0
2020-07-16,35017.0
2020-07-17,35028.0
2020-07-18,35042.0
2020-07-19,35045.0
2020-07-20,35058.0
2020-07-21,35073.0
2020-07-22,35082.0
2020-07-23,35092.0
2020-07-24,35097.0
2020-07-25,35102.0
2020-07-26,35107.0
2020-07-27,35112.0
2020-07-28,35123.0
2020-07-29,35129.0
2020-07-30,35132.0
2020-07-31,35141.0
2020-08-01,35146.0
2020-08-02,35154.0
2020-08-03,35166.0
2020-08-04,35171.0
2020-08-05,35181.0
2020-08-06,35187.0
2020-08-07,35190.0
2020-08-08,35203.0
2020-08-09,35205.0
2020-08-10,35209.0
2020-08-11,35215.0
2020-08-12,35225.0
2020-08-13,35231.0
2020-08-14,35234.0
2020-08-15,35392.0
2020-08-16,35396.0
2020-08-17,35400.0
2020-08-18,35405.0
2020-08-19,35412.0
2020-08-20,35418.0
2020-08-21,35427.0
2020-08-22,35430.0
2020-08-23,35437.0
2020-08-24,35441.0
2020-08-25,35445.0
2020-08-26,35458.0
2020-08-27,35463.0
2020-08-28,35472.0
2020-08-29,35473.0
2020-08-30,35477.0
2020-08-31,35483.0
2020-09-01,35491.0
2020-09-02,35497.0
2020-09-03,35507.0
2020-09-04,35518.0
2020-09-05,35534.0
2020-09-06,35541.0
2020-09-07,35553.0
2020-09-08,35563.0
2020-09-09,35577.0
2020-09-10,35587.0
2020-09-11,35597.0
2020-09-12,35603.0
2020-09-13,35610.0
2020-09-14,35624.0
2020-09-15,35633.0
2020-09-16,35645.0
2020-09-17,35658.0
2020-09-18,35668.0
2020-09-19,35692.0
2020-09-20,35707.0
2020-09-21,35724.0
2020-09-22,35738.0
2020-09-23,35758.0
2020-09-24,35781.0
2020-09-25,35801.0
2020-09-26,35818.0
2020-09-27,35835.0
2020-09-28,35851.0
2020-09-29,35875.0
2020-09-30,35894.0
2020-10-01,35918.0
2020-10-02,35941.0
2020-10-03,35968.0
2020-10-04,35986.0
2020-10-05,36002.0
2020-10-06,36030.0
2020-10-07,36061.0
2020-10-08,36083.0
2020-10-09,36111.0
2020-10-10,36140.0
2020-10-11,36166.0
2020-10-12,36205.0
2020-10-13,36246.0
2020-10-14,36289.0
2020-10-15,36372.0
2020-10-16,36427.0
2020-10-17,36474.0
2020-10-18,36543.0
2020-10-19,36616.0
2020-10-20,36705.0
2020-10-21,36832.0
2020-10-22,36968.0
2020-10-23,37059.0
2020-10-24,37210.0
2020-10-25,37338.0
2020-10-26,37479.0
2020-10-27,37700.0
2020-10-28,37905.0
2020-10-29,38122.0
2020-10-30,38321.0
2020-10-31,38618.0
2020-11-01,38826.0
2020-11-02,39059.0
2020-11-03,39412.0
2020-11-04,39764.0
2020-11-05,40192.0
2020-11-06,40638.0
2020-11-07,41063.0
2020-11-08,41394.0
2020-11-09,41750.0
2020-11-10,42330.0
2020-11-11,42953.0
2020-11-12,43589.0
2020-11-13,44139.0
2020-11-14,44683.0
2020-11-15,45229.0
2020-11-16,45733.0
2020-11-17,46464.0
2020-11-18,47217.0
2020-11-19,47870.0
2020-11-20,48569.0
2020-11-21,49261.0
2020-11-22,49823.0
2020-11-23,50453.0
2020-11-24,51306.0
2020-11-25,52028.0
2020-11-26,52850.0
2020-11-27,53677.0
2020-11-28,54363.0
2020-11-29,54904.0
2020-11-30,55576.0
2020-12-01,56361.0
2020-12-02,57045.0
2020-12-03,58038.0
2020-12-04,58852.0
2020-12-05,59514.0
2020-12-06,60078.0
2020-12-07,60606.0
2020-12-08,61240.0
2020-12-09,61739.0
2020-12-10,62626.0
2020-12-11,63387.0
2020-12-12,64036.0
2020-12-13,64520.0
2020-12-14,65011.0
2020-12-15,65857.0
2020-12-16,66537.0
2020-12-17,67220.0
2020-12-18,67894.0
2020-12-19,68447.0
2020-12-20,68799.0
2020-12-21,69214.0
2020-12-22,69842.0
2020-12-23,70395.0
2020-12-24,70900.0
2020-12-25,71359.0
2020-12-26,71620.0
2020-12-27,71925.0
2020-12-28,72370.0
2020-12-29,73029.0
2020-12-30,73604.0
2020-12-31,74159.0
2021-01-01,74621.0
2021-01-02,74985.0
2021-01-03,75332.0
2021-01-04,75680.0
2021-01-05,76329.0
2021-01-06,76877.0
2021-01-07,77291.0
2021-01-08,77911.0
2021-01-09,78394.0
2021-01-10,78755.0
2021-01-11,79203.0
2021-01-12,79819.0
2021-01-13,80326.0
2021-01-14,80848.0
2021-01-15,81325.0
2021-01-16,81800.0
2021-01-17,82177.0
2021-01-18,82554.0
2021-01-19,83157.0
2021-01-20,83681.0
2021-01-21,84202.0
2021-01-22,84674.0
2021-01-23,85162.0
2021-01-24,85461.0
2021-01-25,85881.0
2021-01-26,86422.0
2021-01-27,86889.0
2021-01-28,87381.0
2021-01-29,87858.0
2021-01-30,88279.0
2021-01-31,88516.0
2021-02-01,88845.0
2021-02-02,89344.0
2021-02-03,89820.0
2021-02-04,90241.0
2021-02-05,90618.0
2021-02-06,91003.0
2021-02-07,91273.0
2021-02-08,91580.0
2021-02-09,92002.0
2021-02-10,92338.0
2021-02-11,92729.0
2021-02-12,93045.0
2021-02-13,93356.0
2021-02-14,93577.0
2021-02-15,93835.0
2021-02-16,94171.0
2021-02-17,94540.0
2021-02-18,94887.0
2021-02-19,95235.0
