date,BEL,ESP,FRA,GBR,IRL,ITA,LUX,PRT
2020-03-26,220.0,4365.0,1697.0,886.0,19.0,8215.0,9.0,60.0
2020-03-27,289.0,5138.0,1996.0,1174.0,22.0,9134.0,15.0,76.0
2020-03-28,353.0,5982.0,2314.0,1466.0,36.0,10023.0,18.0,100.0
2020-03-29,431.0,6803.0,2608.0,1679.0,46.0,10779.0,21.0,119.0
2020-03-30,513.0,7716.0,3026.0,2053.0,54.0,11591.0,22.0,140.0
2020-03-31,705.0,8464.0,3526.0,2457.0,71.0,12428.0,23.0,160.0
2020-04-01,828.0,9387.0,4778.0,3130.0,85.0,13155.0,29.0,187.0
2020-04-02,1011.0,10348.0,5387.0,3787.0,98.0,13915.0,30.0,209.0
2020-04-03,1143.0,11198.0,6509.0,4524.0,120.0,14681.0,31.0,246.0
2020-04-04,1283.0,11947.0,7562.0,5281.0,137.0,15362.0,31.0,266.0
2020-04-05,1447.0,12641.0,8081.0,5882.0,158.0,15887.0,36.0,295.0
2020-04-06,1632.0,13341.0,8914.0,6452.0,174.0,16523.0,41.0,311.0
2020-04-07,2035.0,14045.0,10330.0,7557.0,210.0,17127.0,44.0,345.0
2020-04-08,2240.0,14792.0,10874.0,8589.0,235.0,17669.0,46.0,380.0
2020-04-09,2523.0,15447.0,12214.0,9706.0,263.0,18279.0,52.0,409.0
2020-04-10,3019.0,16081.0,13199.0,10829.0,287.0,18849.0,54.0,435.0
2020-04-11,3346.0,16606.0,13835.0,11673.0,320.0,19468.0,62.0,470.0
2020-04-12,3600.0,17209.0,14396.0,12330.0,334.0,19899.0,66.0,504.0
2020-04-13,3903.0,17756.0,14969.0,13055.0,365.0,20465.0,69.0,535.0
2020-04-14,4157.0,18056.0,15712.0,14135.0,406.0,21067.0,67.0,567.0
2020-04-15,4440.0,18708.0,17150.0,15019.0,444.0,21645.0,69.0,599.0
2020-04-16,4857.0,19315.0,17903.0,16059.0,486.0,22170.0,69.0,629.0
2020-04-17,5163.0,20002.0,18664.0,16973.0,530.0,22745.0,72.0,657.0
2020-04-18,5453.0,20043.0,19305.0,18081.0,571.0,23227.0,72.0,687.0
2020-04-19,5683.0,20453.0,19694.0,18514.0,610.0,23660.0,73.0,714.0
2020-04-20,5828.0,20852.0,20241.0,19090.0,687.0,24114.0,75.0,735.0
2020-04-21,5998.0,21282.0,20769.0,20314.0,730.0,24648.0,78.0,762.0
2020-04-22,6262.0,21717.0,21313.0,21171.0,769.0,25085.0,80.0,785.0
2020-04-23,6490.0,22157.0,21829.0,21855.0,794.0,25549.0,83.0,820.0
2020-04-24,6679.0,22524.0,22219.0,22873.0,1014.0,25969.0,85.0,854.0
2020-04-25,6917.0,22902.0,22588.0,23689.0,1063.0,26384.0,85.0,880.0
2020-04-26,7094.0,23190.0,22830.0,24053.0,1087.0,26644.0,88.0,903.0
2020-04-27,7207.0,23521.0,23267.0,24376.0,1102.0,26977.0,88.0,928.0
2020-04-28,7331.0,23822.0,23634.0,25347.0,1159.0,27359.0,89.0,948.0
2020-04-29,7501.0,24275.0,24060.0,26118.0,1190.0,27682.0,89.0,973.0
2020-04-30,7594.0,24543.0,24349.0,26754.0,1232.0,27967.0,90.0,989.0
2020-05-01,7703.0,24543.0,24566.0,27454.0,1265.0,28236.0,92.0,1007.0
2020-05-02,7765.0,25100.0,24763.0,28039.0,1286.0,28710.0,92.0,1023.0
2020-05-03,7844.0,25264.0,24898.0,28292.0,1303.0,28884.0,96.0,1043.0
2020-05-04,7924.0,25428.0,25204.0,28565.0,1319.0,29079.0,96.0,1063.0
2020-05-05,8016.0,25613.0,25537.0,29290.0,1339.0,29315.0,96.0,1074.0
2020-05-06,8339.0,25857.0,25812.0,29937.0,1375.0,29684.0,98.0,1089.0
2020-05-07,8415.0,26070.0,25991.0,30395.0,1403.0,29958.0,100.0,1105.0
2020-05-08,8521.0,26299.0,26233.0,30975.0,1429.0,30201.0,100.0,1114.0
2020-05-09,8581.0,26478.0,26313.0,31250.0,1446.0,30395.0,101.0,1126.0
2020-05-10,8656.0,26621.0,26383.0,31467.0,1458.0,30560.0,101.0,1135.0
2020-05-11,8707.0,26744.0,26646.0,31655.0,1467.0,30739.0,101.0,1144.0
2020-05-12,8761.0,26920.0,26994.0,32270.0,1488.0,30911.0,102.0,1163.0
2020-05-13,8843.0,27104.0,27079.0,32718.0,1497.0,31106.0,103.0,1175.0
2020-05-14,8903.0,27321.0,27430.0,33071.0,1506.0,31368.0,103.0,1184.0
2020-05-15,8959.0,27459.0,27532.0,33422.0,1518.0,31610.0,104.0,1190.0
2020-05-16,9005.0,27563.0,27630.0,33833.0,1533.0,31763.0,104.0,1203.0
2020-05-17,9052.0,27563.0,28113.0,33900.0,1543.0,31908.0,107.0,1218.0
2020-05-18,9080.0,27709.0,28242.0,34046.0,1547.0,32007.0,107.0,1231.0
2020-05-19,9108.0,27778.0,28025.0,34547.0,1561.0,32169.0,109.0,1247.0
2020-05-20,9150.0,27888.0,28136.0,34876.0,1571.0,32330.0,109.0,1263.0
2020-05-21,9186.0,27940.0,28218.0,35149.0,1583.0,32486.0,109.0,1277.0
2020-05-22,9212.0,28628.0,28366.0,35440.0,1592.0,32616.0,109.0,1289.0
2020-05-23,9237.0,28678.0,28452.0,35660.0,1604.0,32735.0,109.0,1302.0
2020-05-24,9280.0,28752.0,28372.0,36039.0,1608.0,32785.0,110.0,1316.0
2020-05-25,9312.0,26834.0,28461.0,36143.0,1606.0,32877.0,110.0,1330.0
2020-05-26,9334.0,27117.0,28598.0,36274.0,1615.0,32955.0,110.0,1342.0
2020-05-27,9364.0,27117.0,28599.0,36696.0,1631.0,33072.0,110.0,1356.0
2020-05-28,9388.0,27119.0,28666.0,37039.0,1639.0,33142.0,110.0,1369.0
2020-05-29,9430.0,27121.0,28717.0,37313.0,1645.0,33229.0,110.0,1383.0
2020-05-30,9453.0,27125.0,28774.0,37467.0,1651.0,33340.0,110.0,1396.0
2020-05-31,9467.0,27127.0,28805.0,37527.0,1652.0,33415.0,110.0,1410.0
2020-06-01,9486.0,27127.0,28837.0,37613.0,1650.0,33475.0,110.0,1424.0
2020-06-02,9505.0,27127.0,28943.0,37863.0,1658.0,33530.0,110.0,1436.0
2020-06-03,9522.0,27128.0,29024.0,38117.0,1659.0,33601.0,110.0,1447.0
2020-06-04,9548.0,27133.0,29069.0,38247.0,1664.0,33689.0,110.0,1455.0
2020-06-05,9566.0,27134.0,29114.0,38505.0,1670.0,33774.0,110.0,1465.0
2020-06-06,9580.0,27135.0,29145.0,38648.0,1678.0,33846.0,110.0,1474.0
2020-06-07,9595.0,27136.0,29158.0,38702.0,1679.0,33899.0,110.0,1479.0
2020-06-08,9606.0,27136.0,29213.0,38749.0,1683.0,33964.0,110.0,1485.0
2020-06-09,9619.0,27136.0,29301.0,38946.0,1691.0,34043.0,110.0,1492.0
2020-06-10,9629.0,27136.0,29322.0,39110.0,1695.0,34114.0,110.0,1497.0
2020-06-11,9636.0,27136.0,29349.0,39186.0,1703.0,34167.0,110.0,1504.0
2020-06-12,9646.0,27136.0,29377.0,39317.0,1705.0,34223.0,110.0,1505.0
2020-06-13,9650.0,27136.0,29401.0,39424.0,1705.0,34301.0,110.0,1512.0
2020-06-14,9655.0,27136.0,29411.0,39451.0,1706.0,34345.0,110.0,1517.0
2020-06-15,9661.0,27136.0,29439.0,39480.0,1706.0,34371.0,110.0,1520.0
2020-06-16,9663.0,27136.0,29553.0,39600.0,1709.0,34405.0,110.0,1522.0
2020-06-17,9675.0,27136.0,29578.0,39710.0,1710.0,34448.0,110.0,1523.0
2020-06-18,9683.0,27136.0,29606.0,39777.0,1714.0,34514.0,110.0,1524.0
2020-06-19,9695.0,28315.0,29620.0,39861.0,1714.0,34561.0,110.0,1527.0
2020-06-20,9696.0,28322.0,29638.0,39932.0,1715.0,34610.0,110.0,1528.0
2020-06-21,9696.0,28323.0,29644.0,39963.0,1715.0,34634.0,110.0,1530.0
2020-06-22,9696.0,28324.0,29668.0,39976.0,1717.0,34657.0,110.0,1534.0
2020-06-23,9713.0,28325.0,29722.0,40070.0,1720.0,34675.0,110.0,1540.0
2020-06-24,9722.0,28327.0,29735.0,40157.0,1726.0,34644.0,110.0,1543.0
2020-06-25,9726.0,28330.0,29754.0,40256.0,1727.0,34678.0,110.0,1549.0
2020-06-26,9731.0,28338.0,29780.0,40333.0,1730.0,34708.0,110.0,1555.0
2020-06-27,9732.0,28341.0,29781.0,40373.0,1734.0,34716.0,110.0,1561.0
2020-06-28,9732.0,28343.0,29781.0,40404.0,1735.0,34738.0,110.0,1564.0
2020-06-29,9732.0,28346.0,29816.0,40425.0,1735.0,34744.0,110.0,1568.0
2020-06-30,9747.0,28355.0,29846.0,40479.0,1736.0,34767.0,110.0,1576.0
2020-07-01,9754.0,28364.0,29865.0,40576.0,1738.0,34788.0,110.0,1579.0
2020-07-02,9761.0,28368.0,29878.0,40617.0,1738.0,34818.0,110.0,1587.0
2020-07-03,9765.0,28385.0,29896.0,40666.0,1740.0,34833.0,110.0,1598.0
2020-07-04,9771.0,28385.0,29896.0,40698.0,1741.0,34854.0,110.0,1605.0
2020-07-05,9771.0,28385.0,29895.0,40717.0,1741.0,34861.0,110.0,1614.0
2020-07-06,9774.0,28388.0,29925.0,40728.0,1741.0,34869.0,110.0,1620.0
2020-07-07,9774.0,28392.0,29936.0,40782.0,1742.0,34899.0,110.0,1629.0
2020-07-08,9776.0,28396.0,29967.0,40839.0,1738.0,34914.0,110.0,1631.0
2020-07-09,9778.0,28401.0,29983.0,40870.0,1743.0,34926.0,110.0,1644.0
2020-07-10,9781.0,28403.0,30009.0,40904.0,1744.0,34938.0,110.0,1646.0
2020-07-11,9782.0,28403.0,30012.0,40921.0,1746.0,34945.0,110.0,1654.0
2020-07-12,9782.0,28403.0,30012.0,40930.0,1746.0,34954.0,111.0,1660.0
2020-07-13,9782.0,28406.0,30035.0,40940.0,1746.0,34967.0,111.0,1662.0
2020-07-14,9787.0,28409.0,30037.0,40984.0,1746.0,34984.0,111.0,1668.0
2020-07-15,9788.0,28413.0,30125.0,41010.0,1748.0,34997.0,111.0,1676.0
2020-07-16,9795.0,28416.0,30142.0,41034.0,1749.0,35017.0,111.0,1679.0
2020-07-17,9800.0,28420.0,30155.0,41060.0,1752.0,35028.0,111.0,1682.0
2020-07-18,9800.0,28420.0,30158.0,41069.0,1753.0,35042.0,111.0,1684.0
2020-07-19,9800.0,28420.0,30158.0,41080.0,1753.0,35045.0,111.0,1689.0
2020-07-20,9805.0,28422.0,30182.0,41090.0,1753.0,35058.0,111.0,1691.0
2020-07-21,9805.0,28424.0,30169.0,41115.0,1753.0,35073.0,111.0,1697.0
2020-07-22,9808.0,28426.0,30175.0,41132.0,1754.0,35082.0,111.0,1702.0
2020-07-23,9812.0,28429.0,30186.0,41141.0,1763.0,35092.0,112.0,1705.0
2020-07-24,9817.0,28432.0,30196.0,41173.0,1763.0,35097.0,112.0,1712.0
2020-07-25,9821.0,28432.0,30196.0,41188.0,1764.0,35102.0,112.0,1716.0
2020-07-26,9821.0,28432.0,30196.0,41196.0,1764.0,35107.0,112.0,1717.0
2020-07-27,9822.0,28434.0,30214.0,41199.0,1764.0,35112.0,112.0,1719.0
2020-07-28,9833.0,28436.0,30227.0,41220.0,1764.0,35123.0,113.0,1722.0
2020-07-29,9836.0,28441.0,30241.0,41254.0,1764.0,35129.0,114.0,1725.0
2020-07-30,9840.0,28443.0,30257.0,41254.0,1763.0,35132.0,114.0,1727.0
2020-07-31,9841.0,28445.0,30268.0,41274.0,1763.0,35141.0,114.0,1735.0
2020-08-01,9845.0,28445.0,30268.0,41287.0,1763.0,35146.0,116.0,1737.0
2020-08-02,9845.0,28445.0,30268.0,41292.0,1763.0,35154.0,117.0,1738.0
2020-08-03,9850.0,28472.0,30298.0,41293.0,1763.0,35166.0,118.0,1738.0
2020-08-04,9852.0,28498.0,30300.0,41311.0,1763.0,35171.0,118.0,1739.0
2020-08-05,9859.0,28499.0,30311.0,41325.0,1763.0,35181.0,118.0,1740.0
2020-08-06,9861.0,28500.0,30315.0,41343.0,1768.0,35187.0,119.0,1743.0
2020-08-07,9866.0,28503.0,30328.0,41355.0,1772.0,35190.0,119.0,1746.0
2020-08-08,9870.0,28503.0,30329.0,41358.0,1772.0,35203.0,120.0,1750.0
2020-08-09,9872.0,28503.0,30329.0,41363.0,1772.0,35205.0,120.0,1756.0
2020-08-10,9879.0,28576.0,30344.0,41381.0,1772.0,35209.0,121.0,1759.0
2020-08-11,9885.0,28581.0,30358.0,41394.0,1773.0,35215.0,122.0,1761.0
2020-08-12,9900.0,28579.0,30376.0,41414.0,1774.0,35225.0,122.0,1764.0
2020-08-13,9916.0,28605.0,30393.0,41432.0,1774.0,35231.0,122.0,1770.0
2020-08-14,9924.0,28617.0,30412.0,41443.0,1774.0,35234.0,122.0,1772.0
2020-08-15,9935.0,28617.0,30413.0,41446.0,1774.0,35392.0,123.0,1775.0
2020-08-16,9939.0,28617.0,30414.0,41451.0,1774.0,35396.0,123.0,1778.0
2020-08-17,9944.0,28646.0,30434.0,41454.0,1774.0,35400.0,124.0,1779.0
2020-08-18,9959.0,28670.0,30456.0,41466.0,1775.0,35405.0,124.0,1784.0
2020-08-19,9969.0,28797.0,30474.0,41483.0,1775.0,35412.0,124.0,1786.0
2020-08-20,9976.0,28813.0,30485.0,41489.0,1776.0,35418.0,124.0,1788.0
2020-08-21,9985.0,28838.0,30509.0,41491.0,1776.0,35427.0,124.0,1792.0
2020-08-22,9988.0,28838.0,30518.0,41509.0,1777.0,35430.0,124.0,1794.0
2020-08-23,9992.0,28838.0,30518.0,41515.0,1777.0,35437.0,124.0,1796.0
2020-08-24,9996.0,28872.0,30534.0,41519.0,1777.0,35441.0,124.0,1801.0
2020-08-25,9996.0,28924.0,30553.0,41535.0,1777.0,35445.0,124.0,1805.0
2020-08-26,9879.0,28971.0,30553.0,41552.0,1777.0,35458.0,124.0,1807.0
2020-08-27,9884.0,28996.0,30588.0,41564.0,1777.0,35463.0,124.0,1809.0
2020-08-28,9886.0,29011.0,30606.0,41573.0,1777.0,35472.0,124.0,1815.0
2020-08-29,9891.0,29011.0,30612.0,41585.0,1777.0,35473.0,124.0,1818.0
2020-08-30,9894.0,29011.0,30615.0,41586.0,1777.0,35477.0,124.0,1819.0
2020-08-31,9895.0,29094.0,30646.0,41589.0,1777.0,35483.0,124.0,1822.0
2020-09-01,9897.0,29152.0,30673.0,41592.0,1777.0,35491.0,124.0,1824.0
2020-09-02,9898.0,29194.0,30700.0,41602.0,1777.0,35497.0,124.0,1827.0
2020-09-03,9899.0,29234.0,30717.0,41616.0,1777.0,35507.0,124.0,1829.0
2020-09-04,9901.0,29418.0,30696.0,41626.0,1777.0,35518.0,124.0,1833.0
2020-09-05,9906.0,29418.0,30708.0,41638.0,1777.0,35534.0,124.0,1838.0
2020-09-06,9907.0,29418.0,30712.0,41640.0,1777.0,35541.0,124.0,1840.0
2020-09-07,9909.0,29516.0,30735.0,41643.0,1777.0,35553.0,124.0,1843.0
2020-09-08,9912.0,29594.0,30773.0,41675.0,1778.0,35563.0,124.0,1846.0
2020-09-09,9917.0,29628.0,30805.0,41683.0,1781.0,35577.0,124.0,1849.0
2020-09-10,9917.0,29699.0,30824.0,41697.0,1781.0,35587.0,124.0,1852.0
2020-09-11,9919.0,29747.0,30906.0,41703.0,1781.0,35597.0,124.0,1855.0
2020-09-12,9923.0,29747.0,30924.0,41712.0,1783.0,35603.0,124.0,1860.0
2020-09-13,9925.0,29747.0,30929.0,41717.0,1784.0,35610.0,124.0,1867.0
2020-09-14,9927.0,29848.0,30963.0,41726.0,1784.0,35624.0,124.0,1871.0
2020-09-15,9930.0,30004.0,31013.0,41753.0,1787.0,35633.0,124.0,1875.0
2020-09-16,9935.0,30243.0,31061.0,41773.0,1788.0,35645.0,124.0,1878.0
2020-09-17,9936.0,30405.0,31108.0,41794.0,1789.0,35658.0,124.0,1888.0
2020-09-18,9937.0,30495.0,31262.0,41821.0,1792.0,35668.0,124.0,1894.0
2020-09-19,9944.0,30495.0,31287.0,41848.0,1792.0,35692.0,124.0,1899.0
2020-09-20,9948.0,30495.0,31298.0,41866.0,1792.0,35707.0,124.0,1912.0
2020-09-21,9950.0,30663.0,31351.0,41877.0,1792.0,35724.0,124.0,1920.0
2020-09-22,9955.0,30904.0,31430.0,41914.0,1792.0,35738.0,124.0,1925.0
2020-09-23,9959.0,31034.0,31478.0,41951.0,1794.0,35758.0,124.0,1928.0
2020-09-24,9965.0,31118.0,31524.0,41991.0,1797.0,35781.0,124.0,1931.0
2020-09-25,9969.0,31232.0,31675.0,42025.0,1797.0,35801.0,124.0,1936.0
2020-09-26,9974.0,31232.0,31714.0,42060.0,1802.0,35818.0,124.0,1944.0
2020-09-27,9980.0,31232.0,31741.0,42077.0,1802.0,35835.0,124.0,1953.0
2020-09-28,9987.0,31411.0,31825.0,42090.0,1802.0,35851.0,124.0,1957.0
2020-09-29,10001.0,31411.0,31898.0,42162.0,1803.0,35875.0,124.0,1963.0
2020-09-30,10016.0,31791.0,31978.0,42233.0,1804.0,35894.0,124.0,1971.0
2020-10-01,10023.0,31973.0,32035.0,42292.0,1806.0,35918.0,125.0,1977.0
2020-10-02,10037.0,32086.0,32171.0,42358.0,1801.0,35941.0,125.0,1983.0
2020-10-03,10044.0,32086.0,32196.0,42407.0,1810.0,35968.0,125.0,1995.0
2020-10-04,10064.0,32086.0,32228.0,42440.0,1810.0,35986.0,125.0,2005.0
2020-10-05,10078.0,32225.0,32299.0,42459.0,1810.0,36002.0,127.0,2018.0
2020-10-06,10092.0,32486.0,32386.0,42535.0,1811.0,36030.0,128.0,2032.0
2020-10-07,10108.0,32562.0,32466.0,42605.0,1816.0,36061.0,128.0,2040.0
2020-10-08,10126.0,32688.0,32539.0,42682.0,1817.0,36083.0,129.0,2050.0
2020-10-09,10151.0,32929.0,32649.0,42769.0,1821.0,36111.0,130.0,2062.0
2020-10-10,10175.0,32929.0,32684.0,42850.0,1824.0,36140.0,131.0,2067.0
2020-10-11,10191.0,32929.0,32730.0,42915.0,1826.0,36166.0,132.0,2080.0
2020-10-12,10211.0,33124.0,32827.0,42965.0,1827.0,36205.0,133.0,2094.0
2020-10-13,10244.0,33204.0,32955.0,43108.0,1830.0,36246.0,133.0,2110.0
2020-10-14,10278.0,33413.0,33061.0,43245.0,1835.0,36289.0,133.0,2117.0
2020-10-15,10327.0,33553.0,33146.0,43383.0,1838.0,36372.0,133.0,2128.0
2020-10-16,10359.0,33775.0,33325.0,43519.0,1841.0,36427.0,133.0,2149.0
2020-10-17,10392.0,33775.0,33398.0,43669.0,1849.0,36474.0,133.0,2162.0
2020-10-18,10413.0,33775.0,33483.0,43736.0,1852.0,36543.0,133.0,2181.0
2020-10-19,10443.0,33992.0,33631.0,43816.0,1852.0,36616.0,135.0,2198.0
2020-10-20,10489.0,34210.0,33912.0,44057.0,1865.0,36705.0,136.0,2213.0
2020-10-21,10539.0,34366.0,34080.0,44248.0,1868.0,36832.0,138.0,2229.0
2020-10-22,10588.0,34521.0,34234.0,44437.0,1871.0,36968.0,140.0,2245.0
2020-10-23,10658.0,34752.0,34534.0,44661.0,1878.0,37059.0,141.0,2276.0
2020-10-24,10737.0,34752.0,34670.0,44835.0,1882.0,37210.0,141.0,2297.0
2020-10-25,10810.0,34752.0,34649.0,44986.0,1882.0,37338.0,141.0,2316.0
2020-10-26,10899.0,35031.0,35038.0,45088.0,1885.0,37479.0,147.0,2343.0
2020-10-27,11038.0,35298.0,35567.0,45455.0,1890.0,37700.0,147.0,2371.0
2020-10-28,11170.0,35466.0,35826.0,45765.0,1896.0,37905.0,147.0,2395.0
2020-10-29,11308.0,35639.0,36058.0,46045.0,1902.0,38122.0,150.0,2428.0
2020-10-30,11452.0,35878.0,36605.0,46319.0,1908.0,38321.0,152.0,2468.0
2020-10-31,11625.0,35878.0,36827.0,46645.0,1913.0,38618.0,152.0,2507.0
2020-11-01,11737.0,35878.0,37058.0,46807.0,1915.0,38826.0,152.0,2544.0
2020-11-02,11858.0,36257.0,37486.0,46943.0,1917.0,39059.0,160.0,2590.0
2020-11-03,12126.0,36495.0,38765.0,47340.0,1922.0,39412.0,167.0,2635.0
2020-11-04,12331.0,38118.0,38734.0,47832.0,1930.0,39764.0,171.0,2694.0
2020-11-05,12520.0,38486.0,39088.0,48210.0,1933.0,40192.0,177.0,2740.0
2020-11-06,12708.0,38833.0,39917.0,48565.0,1940.0,40638.0,180.0,2792.0
2020-11-07,12907.0,38833.0,40220.0,48978.0,1945.0,41063.0,180.0,2848.0
2020-11-08,13055.0,38833.0,40490.0,49134.0,1947.0,41394.0,180.0,2896.0
2020-11-09,13216.0,39345.0,41050.0,49329.0,1948.0,41750.0,193.0,2959.0
2020-11-10,13561.0,39345.0,42281.0,49861.0,1963.0,42330.0,198.0,3021.0
2020-11-11,13758.0,40105.0,42609.0,50457.0,1965.0,42953.0,198.0,3103.0
2020-11-12,13891.0,40461.0,43024.0,51020.0,1965.0,43589.0,211.0,3181.0
2020-11-13,14106.0,40769.0,43957.0,51396.0,1972.0,44139.0,219.0,3250.0
2020-11-14,14303.0,40769.0,44310.0,51858.0,1978.0,44683.0,219.0,3305.0
2020-11-15,14421.0,40769.0,44613.0,52026.0,1979.0,45229.0,219.0,3381.0
2020-11-16,14616.0,41253.0,45124.0,52240.0,1984.0,45733.0,236.0,3472.0
2020-11-17,14839.0,41688.0,46350.0,52839.0,1995.0,46464.0,240.0,3553.0
2020-11-18,15025.0,42039.0,46781.0,53368.0,2006.0,47217.0,248.0,3632.0
2020-11-19,15196.0,42291.0,47198.0,53870.0,2010.0,47870.0,254.0,3701.0
2020-11-20,15352.0,42619.0,48339.0,54381.0,2018.0,48569.0,260.0,3762.0
2020-11-21,15522.0,42619.0,48591.0,54721.0,2022.0,49261.0,260.0,3824.0
2020-11-22,15618.0,42619.0,48805.0,55120.0,2023.0,49823.0,260.0,3897.0
2020-11-23,15755.0,43131.0,49311.0,55327.0,2023.0,50453.0,273.0,3971.0
2020-11-24,15938.0,43668.0,50322.0,55935.0,2028.0,51306.0,283.0,4056.0
2020-11-25,16077.0,44037.0,50710.0,56630.0,2033.0,52028.0,288.0,4127.0
2020-11-26,16219.0,44374.0,51041.0,57128.0,2036.0,52850.0,294.0,4209.0
2020-11-27,16339.0,44668.0,52000.0,57648.0,2043.0,53677.0,300.0,4276.0
2020-11-28,16461.0,44668.0,52212.0,58127.0,2050.0,54363.0,300.0,4363.0
2020-11-29,16547.0,44668.0,52410.0,58342.0,2052.0,54904.0,300.0,4427.0
2020-11-30,16645.0,45069.0,52819.0,58545.0,2053.0,55576.0,321.0,4505.0
2020-12-01,16786.0,45511.0,53596.0,59148.0,2069.0,56361.0,330.0,4577.0
2020-12-02,16911.0,45784.0,53907.0,59796.0,2074.0,57045.0,334.0,4645.0
2020-12-03,17033.0,46038.0,54231.0,60210.0,2080.0,58038.0,339.0,4724.0
2020-12-04,17142.0,46252.0,54861.0,60714.0,2086.0,58852.0,345.0,4803.0
2020-12-05,17254.0,46252.0,55073.0,61111.0,2099.0,59514.0,345.0,4876.0
2020-12-06,17320.0,46252.0,55247.0,61342.0,2099.0,60078.0,345.0,4963.0
2020-12-07,17386.0,46646.0,55613.0,61531.0,2099.0,60606.0,360.0,5041.0
2020-12-08,17507.0,46646.0,56451.0,62130.0,2097.0,61240.0,360.0,5122.0
2020-12-09,17603.0,47019.0,56748.0,62663.0,2102.0,61739.0,360.0,5192.0
2020-12-10,17692.0,47344.0,57044.0,63179.0,2117.0,62626.0,384.0,5278.0
2020-12-11,17692.0,47624.0,57672.0,63603.0,2120.0,63387.0,392.0,5373.0
2020-12-12,17792.0,47624.0,57865.0,64123.0,2123.0,64036.0,392.0,5461.0
2020-12-13,17951.0,47624.0,58015.0,64267.0,2124.0,64520.0,392.0,5559.0
2020-12-14,18054.0,48013.0,58391.0,64500.0,2126.0,65011.0,410.0,5649.0
2020-12-15,18178.0,48401.0,59182.0,65006.0,2134.0,65857.0,418.0,5733.0
2020-12-16,18278.0,48596.0,59472.0,65618.0,2140.0,66537.0,421.0,5815.0
2020-12-17,18371.0,48777.0,59733.0,66150.0,2143.0,67220.0,428.0,5902.0
2020-12-18,18455.0,48926.0,60345.0,66640.0,2149.0,67894.0,434.0,5977.0
2020-12-19,18545.0,48926.0,60534.0,67177.0,2154.0,68447.0,434.0,6063.0
2020-12-20,18626.0,48926.0,60665.0,67503.0,2158.0,68799.0,434.0,6134.0
2020-12-21,18697.0,49260.0,61019.0,67718.0,2158.0,69214.0,450.0,6191.0
2020-12-22,18821.0,49520.0,61821.0,68409.0,2171.0,69842.0,453.0,6254.0
2020-12-23,18939.0,49698.0,62098.0,69157.0,2184.0,70395.0,458.0,6343.0
2020-12-24,19038.0,49824.0,62389.0,69732.0,2192.0,70900.0,458.0,6413.0
2020-12-25,19089.0,49824.0,62548.0,70302.0,2194.0,71359.0,458.0,6478.0
2020-12-26,19158.0,49824.0,62694.0,70513.0,2200.0,71620.0,458.0,6556.0
2020-12-27,19200.0,49824.0,62867.0,70860.0,2204.0,71925.0,458.0,6619.0
2020-12-28,19234.0,50122.0,63235.0,71217.0,2205.0,72370.0,487.0,6677.0
2020-12-29,19361.0,50442.0,64204.0,71675.0,2213.0,73029.0,489.0,6751.0
2020-12-30,19441.0,50689.0,64508.0,72657.0,2226.0,73604.0,495.0,6830.0
2020-12-31,19528.0,50837.0,64759.0,73622.0,2237.0,74159.0,495.0,6906.0
2021-01-01,19581.0,50837.0,64892.0,74237.0,2248.0,74621.0,495.0,6972.0
2021-01-02,19644.0,50837.0,65048.0,74682.0,2252.0,74985.0,495.0,7045.0
2021-01-03,19701.0,50837.0,65164.0,75137.0,2259.0,75332.0,495.0,7118.0
2021-01-04,19750.0,51078.0,65549.0,75547.0,2265.0,75680.0,508.0,7196.0
2021-01-05,19827.0,51430.0,66417.0,76428.0,2282.0,76329.0,514.0,7286.0
2021-01-06,19883.0,51430.0,66699.0,77470.0,2299.0,76877.0,517.0,7377.0
2021-01-07,19936.0,51675.0,66975.0,78632.0,2307.0,77291.0,521.0,7472.0
2021-01-08,19992.0,51874.0,67566.0,79965.0,2327.0,77911.0,527.0,7590.0
2021-01-09,20038.0,51874.0,67734.0,81000.0,2336.0,78394.0,527.0,7701.0
2021-01-10,20078.0,51874.0,67885.0,81567.0,2344.0,78755.0,527.0,7803.0
2021-01-11,20122.0,52275.0,68197.0,82096.0,2352.0,79203.0,535.0,7925.0
2021-01-12,20194.0,52683.0,68939.0,83342.0,2397.0,79819.0,538.0,8080.0
2021-01-13,20250.0,52878.0,69168.0,84910.0,2460.0,80326.0,542.0,8236.0
2021-01-14,20294.0,53079.0,69452.0,86163.0,2488.0,80848.0,545.0,8384.0
2021-01-15,20352.0,53314.0,70088.0,87448.0,2536.0,81325.0,549.0,8543.0
2021-01-16,20396.0,53314.0,70281.0,88747.0,2595.0,81800.0,549.0,8709.0
2021-01-17,20435.0,53314.0,70422.0,89429.0,2608.0,82177.0,549.0,8861.0
2021-01-18,20472.0,53769.0,70826.0,90031.0,2616.0,82554.0,557.0,9028.0
2021-01-19,20554.0,54173.0,71482.0,91643.0,2708.0,83157.0,560.0,9246.0
2021-01-20,20572.0,54637.0,71792.0,93469.0,2768.0,83681.0,562.0,9465.0
2021-01-21,20620.0,55041.0,72139.0,94765.0,2818.0,84202.0,562.0,9686.0
2021-01-22,20675.0,55441.0,72788.0,96166.0,2870.0,84674.0,562.0,9920.0
2021-01-23,20726.0,55441.0,73018.0,97518.0,2947.0,85162.0,562.0,10194.0
2021-01-24,20779.0,55441.0,73190.0,98129.0,2970.0,85461.0,562.0,10469.0
2021-01-25,20814.0,56208.0,73636.0,98723.0,2977.0,85881.0,566.0,10721.0
2021-01-26,20879.0,56794.0,74250.0,100359.0,3066.0,86422.0,570.0,11012.0
2021-01-27,20933.0,57291.0,74600.0,102085.0,3120.0,86889.0,571.0,11305.0
2021-01-28,20982.0,57806.0,74944.0,103324.0,3167.0,87381.0,574.0,11608.0
2021-01-29,21018.0,58319.0,75765.0,104572.0,3214.0,87858.0,577.0,11886.0
2021-01-30,21066.0,58319.0,76006.0,105777.0,3292.0,88279.0,577.0,12179.0
2021-01-31,21092.0,58319.0,76201.0,106367.0,3307.0,88516.0,577.0,12482.0
2021-02-01,21124.0,59081.0,76657.0,106774.0,3317.0,88845.0,584.0,12757.0
2021-02-02,21173.0,59805.0,77383.0,108225.0,3418.0,89344.0,586.0,13017.0
2021-02-03,21216.0,60370.0,77741.0,109547.0,3512.0,89820.0,587.0,13257.0
2021-02-04,21260.0,60802.0,77741.0,110462.0,3586.0,90241.0,588.0,13482.0
2021-02-05,21295.0,61386.0,78749.0,111477.0,3621.0,90618.0,590.0,13740.0
2021-02-06,21352.0,61386.0,78940.0,112305.0,3674.0,91003.0,590.0,13954.0
2021-02-07,21389.0,61386.0,79111.0,112681.0,3686.0,91273.0,590.0,14158.0
2021-02-08,21423.0,62295.0,79571.0,113014.0,3687.0,91580.0,597.0,14354.0
2021-02-09,21472.0,63061.0,80295.0,114066.0,3752.0,92002.0,600.0,14557.0
2021-02-10,21512.0,63704.0,80591.0,115068.0,3794.0,92338.0,602.0,14718.0
2021-02-11,21551.0,64217.0,80951.0,115748.0,3846.0,92729.0,604.0,14885.0
2021-02-12,21599.0,64747.0,81596.0,116507.0,3865.0,93045.0,606.0,15034.0
2021-02-13,21634.0,64747.0,81795.0,117128.0,3931.0,93356.0,606.0,15183.0
2021-02-14,21662.0,64747.0,81962.0,117387.0,3948.0,93577.0,606.0,15321.0
2021-02-15,21702.0,65449.0,82374.0,117622.0,3948.0,93835.0,611.0,15411.0
2021-02-16,21750.0,65979.0,82961.0,118421.0,3980.0,94171.0,612.0,15522.0
2021-02-17,21793.0,66316.0,83271.0,119159.0,4036.0,94540.0,616.0,15649.0
2021-02-18,21821.0,66704.0,83542.0,119614.0,4082.0,94887.0,619.0,15754.0
2021-02-19,21859.0,67101.0,84114.0,120147.0,4109.0,95235.0,622.0,15821.0
2021-02-20,21887.0,67101.0,84271.0,120593.0,4135.0,95486.0,622.0,15897.0
2021-02-21,21903.0,67101.0,84430.0,120810.0,4136.0,95718.0,622.0,15962.0
2021-02-22,21923.0,67636.0,84764.0,120988.0,4137.0,95992.0,628.0,16023.0
2021-02-23,21956.0,68079.0,85195.0,121536.0,4181.0,96348.0,629.0,16086.0
2021-02-24,21988.0,68468.0,85473.0,121979.0,4237.0,96666.0,632.0,16136.0
2021-02-25,22006.0,68813.0,85734.0,122303.0,4271.0,96974.0,634.0,16185.0
2021-02-26,22034.0,69142.0,86273.0,122648.0,4300.0,97227.0,637.0,16243.0
2021-02-27,22052.0,69142.0,86458.0,122939.0,4313.0,97507.0,637.0,16276.0
2021-02-28,22077.0,69142.0,86580.0,123083.0,4319.0,97699.0,637.0,16317.0
2021-03-01,22106.0,69609.0,86955.0,123187.0,4319.0,97945.0,639.0,16351.0
2021-03-02,22141.0,69801.0,87373.0,123530.0,4333.0,98288.0,641.0,16389.0
2021-03-03,22169.0,70247.0,87695.0,124017.0,4357.0,98635.0,643.0,16430.0
2021-03-04,22196.0,70501.0,87988.0,124259.0,4396.0,98974.0,647.0,16458.0
2021-03-05,22215.0,71138.0,88427.0,124495.0,4405.0,99271.0,652.0,16486.0
2021-03-06,22240.0,71138.0,88597.0,124654.0,4419.0,99578.0,652.0,16512.0
2021-03-07,22261.0,71138.0,88727.0,124736.0,4422.0,99785.0,652.0,16540.0
2021-03-08,22292.0,71436.0,89090.0,124801.0,4422.0,100103.0,663.0,16565.0
2021-03-09,22327.0,71727.0,89455.0,125032.0,4452.0,100479.0,668.0,16595.0
2021-03-10,22347.0,71961.0,89707.0,125222.0,4499.0,100811.0,673.0,16617.0
2021-03-11,22370.0,72085.0,89984.0,125403.0,4509.0,101184.0,675.0,16635.0
2021-03-12,22397.0,72258.0,90207.0,125579.0,4518.0,101564.0,681.0,16650.0
2021-03-13,22421.0,72258.0,90376.0,125701.0,4534.0,101881.0,681.0,16669.0
2021-03-14,22441.0,72258.0,90583.0,125753.0,4534.0,102145.0,681.0,16684.0
2021-03-15,22545.0,72424.0,90924.0,125817.0,4534.0,102499.0,693.0,16694.0
2021-03-16,22572.0,72565.0,91324.0,125927.0,4552.0,103001.0,697.0,16707.0
2021-03-17,22600.0,72793.0,91411.0,126068.0,4566.0,103432.0,704.0,16722.0
2021-03-18,22624.0,72910.0,91833.0,126163.0,4566.0,103855.0,705.0,16743.0
2021-03-19,22650.0,72910.0,92118.0,126263.0,4576.0,104241.0,714.0,16754.0
2021-03-20,22650.0,72910.0,92295.0,126359.0,4585.0,104642.0,714.0,16762.0
2021-03-21,22707.0,72910.0,92433.0,126393.0,4587.0,104942.0,714.0,16768.0
2021-03-22,22728.0,73543.0,92776.0,126411.0,4588.0,105328.0,719.0,16784.0
2021-03-23,22763.0,73744.0,93064.0,126523.0,4610.0,105879.0,726.0,16794.0
2021-03-24,22786.0,73744.0,93310.0,126621.0,4628.0,106339.0,728.0,16805.0
2021-03-25,22816.0,74420.0,93535.0,126684.0,4631.0,106799.0,736.0,16814.0
2021-03-26,22852.0,75010.0,94432.0,126755.0,4651.0,107256.0,738.0,16819.0
2021-03-27,22870.0,75010.0,94623.0,126813.0,4653.0,107636.0,738.0,16827.0
2021-03-28,22897.0,75010.0,94754.0,126834.0,4666.0,107933.0,738.0,16837.0
2021-03-29,22921.0,75199.0,95114.0,126857.0,4667.0,108350.0,741.0,16843.0
2021-03-30,22966.0,75305.0,95495.0,126912.0,4681.0,108879.0,743.0,16845.0
2021-03-31,23016.0,75459.0,95798.0,126955.0,4687.0,109346.0,746.0,16848.0
2021-04-01,23045.0,75541.0,96106.0,127006.0,4705.0,109847.0,749.0,16859.0
2021-04-02,23083.0,75541.0,96438.0,127058.0,4713.0,110328.0,750.0,16868.0
2021-04-03,23130.0,75698.0,96439.0,127068.0,4715.0,110704.0,750.0,16875.0
2021-04-04,23169.0,75698.0,96808.0,127078.0,4718.0,111030.0,750.0,16879.0
2021-04-05,23202.0,75783.0,97005.0,127106.0,4718.0,111326.0,750.0,16885.0
2021-04-06,23247.0,75911.0,97431.0,127126.0,4727.0,111747.0,761.0,16887.0
2021-04-07,23301.0,76037.0,97444.0,127171.0,4732.0,112374.0,762.0,16890.0
2021-04-08,23348.0,76179.0,98196.0,127224.0,4737.0,112861.0,762.0,16899.0
2021-04-09,23390.0,76328.0,98202.0,127284.0,4769.0,113579.0,763.0,16904.0
2021-04-10,23428.0,76328.0,98213.0,127324.0,4783.0,113923.0,763.0,16910.0
2021-04-11,23473.0,76328.0,98909.0,127331.0,4785.0,114254.0,763.0,16916.0
2021-04-12,23503.0,76525.0,99294.0,127346.0,4785.0,114612.0,772.0,16918.0
2021-04-13,23566.0,76625.0,99639.0,127369.0,4803.0,115088.0,777.0,16923.0
2021-04-14,23603.0,76756.0,99936.0,127407.0,4812.0,115557.0,784.0,16931.0
2021-04-15,23636.0,76882.0,100232.0,127438.0,4820.0,115937.0,785.0,16933.0
2021-04-16,23681.0,76981.0,100563.0,127472.0,4831.0,116366.0,785.0,16937.0
2021-04-17,23718.0,76981.0,100752.0,127508.0,4835.0,116676.0,785.0,16942.0
2021-04-18,23747.0,76981.0,100892.0,127518.0,4836.0,116927.0,785.0,16945.0
2021-04-19,23782.0,77102.0,101339.0,127524.0,4836.0,117243.0,786.0,16946.0
2021-04-20,23834.0,77102.0,101713.0,127557.0,4847.0,117633.0,786.0,16951.0
2021-04-21,23867.0,77364.0,102046.0,127577.0,4856.0,117997.0,788.0,16952.0
2021-04-22,23909.0,77496.0,102323.0,127597.0,4866.0,118357.0,790.0,16956.0
2021-04-23,23954.0,77591.0,102655.0,127638.0,4867.0,118699.0,790.0,16957.0
2021-04-24,23990.0,77591.0,102872.0,127670.0,4872.0,119021.0,790.0,16959.0
2021-04-25,24024.0,77591.0,103017.0,127681.0,4873.0,119238.0,790.0,16965.0
2021-04-26,24065.0,77738.0,103415.0,127688.0,4874.0,119539.0,791.0,16965.0
2021-04-27,24104.0,77855.0,103762.0,127705.0,4884.0,119912.0,791.0,16970.0
2021-04-28,24140.0,77943.0,104077.0,127734.0,4896.0,120256.0,792.0,16973.0
